{
  "Total" : {
    "transaction" : "Total",
    "sampleCount" : 100,
    "errorCount" : 0,
    "errorPct" : 0.0,
    "meanResTime" : 54.01,
    "medianResTime" : 51.5,
    "minResTime" : 45.0,
    "maxResTime" : 94.0,
    "pct1ResTime" : 63.80000000000001,
    "pct2ResTime" : 74.79999999999995,
    "pct3ResTime" : 94.0,
    "throughput" : 1.8351317624605445,
    "receivedKBytesPerSec" : 12.489523261442047,
    "sentKBytesPerSec" : 0.2437284372017911
  },
  "GET - Userts" : {
    "transaction" : "GET - Userts",
    "sampleCount" : 100,
    "errorCount" : 0,
    "errorPct" : 0.0,
    "meanResTime" : 54.01,
    "medianResTime" : 51.5,
    "minResTime" : 45.0,
    "maxResTime" : 94.0,
    "pct1ResTime" : 63.80000000000001,
    "pct2ResTime" : 74.79999999999995,
    "pct3ResTime" : 94.0,
    "throughput" : 1.8351317624605445,
    "receivedKBytesPerSec" : 12.489523261442047,
    "sentKBytesPerSec" : 0.2437284372017911
  }
}